date;match;joueur;marche;proba;cote_min;cote_prise;resultat
2026-10-09;Galatasaray - Kasımpaşa (19:00);Adrian Benedyczak;buteur;0.382;2.83;;
2026-10-09;Galatasaray - Kasımpaşa (19:00);Güven Yalçın;buteur;0.275;3.92;;
2026-10-09;Galatasaray - Kasımpaşa (19:00);Aleksey Batrakov;buteur;0.222;4.87;;
2026-10-09;Galatasaray - Kasımpaşa (19:00);Aleksey Batrakov;passeur;0.194;5.57;;
2026-10-09;Galatasaray - Kasımpaşa (19:00);Barış Alper Yılmaz;passeur;0.183;5.89;;
2026-10-09;Galatasaray - Kasımpaşa (19:00);Yunus Akgün;passeur;0.171;6.31;;
2026-10-09;Galatasaray - Kasımpaşa (19:00);Adrian Benedyczak;decisif;0.449;2.40;;
2026-10-09;Galatasaray - Kasımpaşa (19:00);Aleksey Batrakov;decisif;0.373;2.90;;
2026-10-09;Galatasaray - Kasımpaşa (19:00);Güven Yalçın;decisif;0.336;3.21;;
